x,y,z,label,classname,dataset
3.0591385,-15.613599,-12.431222,0,707-320,Aircraft
3.8774495,-14.819255,-10.609068,0,707-320,Aircraft
3.2876954,-13.562705,-12.058151,0,707-320,Aircraft
4.855689,-16.946907,-10.626458,0,707-320,Aircraft
4.6140018,-16.21082,-10.968212,0,707-320,Aircraft
5.177926,-13.5428,-11.953991,0,707-320,Aircraft
4.2976623,-16.112494,-10.606542,0,707-320,Aircraft
3.863811,-15.5934725,-11.463225,0,707-320,Aircraft
4.439195,-12.792534,-12.628085,0,707-320,Aircraft
3.1607358,-16.667551,-10.873571,0,707-320,Aircraft
4.2825975,-13.8616,-11.450852,0,707-320,Aircraft
4.2350855,-15.9395,-13.305819,0,707-320,Aircraft
4.7421155,-13.391874,-11.473371,0,707-320,Aircraft
2.62042,-15.237868,-10.648998,0,707-320,Aircraft
4.26299,-16.129414,-11.994938,0,707-320,Aircraft
3.9151945,-15.722046,-12.973145,0,707-320,Aircraft
3.8174887,-14.678289,-12.184604,0,707-320,Aircraft
5.2965984,-14.180624,-12.053647,0,707-320,Aircraft
3.741861,-13.400693,-10.546371,0,707-320,Aircraft
5.9086504,-16.24969,-11.042,0,707-320,Aircraft
3.6383936,-16.894947,-11.897362,0,707-320,Aircraft
3.5564938,-14.0838,-12.810186,0,707-320,Aircraft
5.0825963,-15.641873,-10.6732645,0,707-320,Aircraft
4.604623,-14.807067,-13.034485,0,707-320,Aircraft
4.780534,-15.478444,-10.497253,0,707-320,Aircraft
4.570509,-15.146705,-11.997975,0,707-320,Aircraft
3.3928876,-15.11757,-11.454807,0,707-320,Aircraft
5.0652905,-15.874785,-11.072614,0,707-320,Aircraft
5.064612,-16.143208,-9.866609,0,707-320,Aircraft
4.385253,-13.4657755,-11.371429,0,707-320,Aircraft
5.2454987,-15.501348,-12.113643,0,707-320,Aircraft
2.9302745,-13.684954,-10.976067,0,707-320,Aircraft
5.4486814,-16.849371,-11.938313,0,707-320,Aircraft
0.59553564,-13.782138,6.973551,1,off-center face,Caltech101
2.7668972,-13.753914,6.9746947,1,off-center face,Caltech101
1.1448503,-14.637162,6.3578806,1,off-center face,Caltech101
-0.7687445,-9.923776,6.3126445,2,centered face,Caltech101
1.705963,-10.5170355,6.404468,1,off-center face,Caltech101
1.4542457,-10.700795,6.463093,1,off-center face,Caltech101
-1.0614657,-11.069881,8.2155,2,centered face,Caltech101
0.41476426,-15.088755,8.323208,1,off-center face,Caltech101
-1.2835786,-11.950016,6.196558,1,off-center face,Caltech101
1.5135908,-12.949545,9.066734,2,centered face,Caltech101
0.44996125,-11.830955,5.4679775,1,off-center face,Caltech101
-1.1776078,-11.102089,8.365908,1,off-center face,Caltech101
-1.3596623,-11.2328205,8.354223,1,off-center face,Caltech101
2.1741023,-14.563304,8.126599,2,centered face,Caltech101
0.37490332,-11.985186,5.4531417,2,centered face,Caltech101
0.9936621,-15.1335,5.7307186,1,off-center face,Caltech101
0.5600621,-15.043177,5.093335,1,off-center face,Caltech101
-0.35043117,-11.429583,4.571314,1,off-center face,Caltech101
1.4447325,-13.001991,8.946776,1,off-center face,Caltech101
1.4555436,-13.235848,9.096477,2,centered face,Caltech101
-0.19719681,-14.25929,7.4044547,1,off-center face,Caltech101
-0.19746527,-14.203174,7.534765,1,off-center face,Caltech101
1.5856137,-13.129848,8.325395,1,off-center face,Caltech101
-1.2070664,-10.889339,8.609214,2,centered face,Caltech101
-0.60048795,-15.5511675,7.7095127,1,off-center face,Caltech101
1.7445409,-15.552082,7.3690233,2,centered face,Caltech101
-0.5533637,-14.472394,5.573805,2,centered face,Caltech101
1.100012,-13.053422,8.699611,1,off-center face,Caltech101
-1.0146936,-14.97363,7.9820356,2,centered face,Caltech101
-0.5964272,-15.292109,8.181142,2,centered face,Caltech101
-0.49567175,-15.239763,8.21915,2,centered face,Caltech101
2.183278,-13.955102,7.2479477,2,centered face,Caltech101
1.2169489,-13.971548,5.436637,1,off-center face,Caltech101
0.33851027,-11.74868,5.5266848,2,centered face,Caltech101
1.901324,-10.382597,6.379204,1,off-center face,Caltech101
-0.7210613,-9.845138,6.290387,1,off-center face,Caltech101
1.2318422,-14.468845,6.419649,1,off-center face,Caltech101
-0.53615886,-14.476538,5.5677314,2,centered face,Caltech101
0.7011012,-11.032879,7.1122355,2,centered face,Caltech101
-0.9854745,-12.187551,6.0573936,1,off-center face,Caltech101
-1.0453529,-10.05908,6.4158363,2,centered face,Caltech101
-0.7317787,-11.96682,6.1480317,2,centered face,Caltech101
-1.2200396,-11.644935,6.237508,1,off-center face,Caltech101
-0.8183113,-11.5510235,6.374129,2,centered face,Caltech101
0.39894897,-14.760673,7.2339582,1,off-center face,Caltech101
0.7744895,-11.007909,7.1207204,1,off-center face,Caltech101
-0.44150847,-12.183254,4.9534717,1,off-center face,Caltech101
2.4963973,-13.691466,7.123832,1,off-center face,Caltech101
2.3126917,-13.85947,7.1538363,2,centered face,Caltech101
4.771572,-4.1866903,-11.419821,3,airplane,CIFAR10
7.462962,-3.3160954,-9.150499,3,airplane,CIFAR10
5.382934,-3.3858414,-8.646345,3,airplane,CIFAR10
8.563552,-4.6454225,-8.384462,3,airplane,CIFAR10
8.583348,-7.2701116,-10.522972,3,airplane,CIFAR10
6.3905416,-2.5897105,-8.674077,3,airplane,CIFAR10
7.27326,-7.1970706,-8.0383215,3,airplane,CIFAR10
7.064982,-7.7995234,-11.103528,3,airplane,CIFAR10
6.507247,-1.7090772,-10.8767605,3,airplane,CIFAR10
9.327074,-3.5724683,-8.454666,3,airplane,CIFAR10
5.5621686,-5.9192076,-9.188165,3,airplane,CIFAR10
7.2544465,-3.558993,-9.975213,3,airplane,CIFAR10
9.603344,-4.5352244,-10.127418,3,airplane,CIFAR10
8.404371,-6.3321486,-12.29182,3,airplane,CIFAR10
6.25466,-4.9473066,-9.807901,3,airplane,CIFAR10
6.3545904,-7.8828564,-7.7182245,3,airplane,CIFAR10
6.6683407,-7.069029,-8.192376,3,airplane,CIFAR10
7.250937,-4.272853,-7.446513,3,airplane,CIFAR10
5.01683,-4.256823,-11.226551,3,airplane,CIFAR10
5.9214773,-6.488018,-8.711063,3,airplane,CIFAR10
7.4232497,-3.9347212,-11.025423,3,airplane,CIFAR10
7.313543,-3.7419958,-7.7768726,3,airplane,CIFAR10
6.2289977,-7.5965786,-11.256703,3,airplane,CIFAR10
7.7438874,-7.1835284,-8.405444,3,airplane,CIFAR10
6.115608,-4.3932457,-10.378426,3,airplane,CIFAR10
6.0605736,-4.781331,-7.906288,3,airplane,CIFAR10
5.1399183,-5.5472918,-9.342561,3,airplane,CIFAR10
8.056052,-7.28218,-11.171753,3,airplane,CIFAR10
7.725799,-5.3129115,-9.415097,3,airplane,CIFAR10
7.3753796,-3.7829597,-7.716427,3,airplane,CIFAR10
5.4062057,-6.6309705,-10.564187,3,airplane,CIFAR10
9.100458,-4.9888897,-9.051253,3,airplane,CIFAR10
7.4173326,-7.4564795,-10.467364,3,airplane,CIFAR10
5.9909806,-8.166225,-7.4445496,3,airplane,CIFAR10
6.522033,-3.7451253,-9.014304,3,airplane,CIFAR10
6.838144,-5.4477973,-11.342775,3,airplane,CIFAR10
6.6043057,-3.2998507,-5.434415,3,airplane,CIFAR10
7.646016,-1.6406416,-8.445505,3,airplane,CIFAR10
8.444124,-2.390056,-9.937821,3,airplane,CIFAR10
8.634397,-6.0714436,-9.9550495,3,airplane,CIFAR10
6.5305734,-8.417949,-11.22855,3,airplane,CIFAR10
6.4943347,-7.2191615,-11.020478,3,airplane,CIFAR10
8.943111,-3.3904939,-10.56211,3,airplane,CIFAR10
6.439859,-3.341056,-9.305703,3,airplane,CIFAR10
6.6779714,-8.673955,-11.151656,3,airplane,CIFAR10
6.3055406,-6.543557,-10.763191,3,airplane,CIFAR10
7.808817,-3.5254729,-8.338194,3,airplane,CIFAR10
8.434131,-6.203161,-12.350745,3,airplane,CIFAR10
8.0981455,-4.4383802,-9.565849,3,airplane,CIFAR10
8.56378,-7.31693,-8.791088,3,airplane,CIFAR10
6.573076,-1.947634,-10.725725,3,airplane,CIFAR10
5.775425,-4.9106665,-8.674587,3,airplane,CIFAR10
7.925282,-7.0570855,-9.0212145,3,airplane,CIFAR10
8.388925,-2.8914537,-10.337104,3,airplane,CIFAR10
7.5415277,-5.557589,-6.8301945,3,airplane,CIFAR10
7.846522,-5.194688,-9.45733,3,airplane,CIFAR10
6.0879517,-3.6651423,-9.0015,3,airplane,CIFAR10
11.867353,-5.715989,-5.930407,4,apple,CIFAR100
11.438267,-5.5421796,-5.088988,4,apple,CIFAR100
11.936961,-5.448191,-4.8733964,4,apple,CIFAR100
11.553113,-6.6074915,-5.188848,4,apple,CIFAR100
11.812075,-5.3442016,-5.2665315,4,apple,CIFAR100
11.655362,-5.5312667,-5.428324,4,apple,CIFAR100
11.462029,-5.5986605,-5.3438773,4,apple,CIFAR100
10.415369,-2.952762,4.3238707,5,banded,DTD
10.247604,-2.1647546,4.5762796,5,banded,DTD
10.157377,-3.9894948,4.1302047,5,banded,DTD
11.482302,-3.5545313,1.8230693,5,banded,DTD
8.164762,-2.5014882,3.0245106,5,banded,DTD
11.183642,-2.8904436,4.870357,5,banded,DTD
9.134374,-2.0660174,4.385445,5,banded,DTD
10.613426,-2.1309645,5.5143976,5,banded,DTD
10.237983,-4.568079,3.6162386,5,banded,DTD
11.39708,-2.8259244,2.2997808,5,banded,DTD
11.430046,-3.646004,4.0211062,5,banded,DTD
9.556969,-1.7925285,5.3592367,5,banded,DTD
8.803713,-2.3717532,3.4992309,5,banded,DTD
9.837669,-3.6094742,4.0327826,5,banded,DTD
11.023075,-3.8175898,4.568485,5,banded,DTD
9.879582,-1.7720008,5.5128,5,banded,DTD
9.132778,-2.2085264,3.7382524,5,banded,DTD
9.631885,-3.2480936,5.5378323,5,banded,DTD
11.255731,-1.3392457,5.2188773,5,banded,DTD
10.560454,-1.8739653,5.55783,5,banded,DTD
13.323887,-1.3302791,1.717822,5,banded,DTD
11.979403,0.4765429,2.092071,5,banded,DTD
12.016002,-0.1328279,2.4325264,5,banded,DTD
12.017938,-1.3620301,3.94062,5,banded,DTD
12.573128,-0.22091825,1.6807417,5,banded,DTD
11.580282,-0.4756623,1.6710865,5,banded,DTD
13.054817,-0.8443407,2.1479301,5,banded,DTD
12.140333,-0.60344493,2.9718022,5,banded,DTD
12.177201,-0.8833555,0.8587596,5,banded,DTD
12.056842,-3.028151,0.7335275,5,banded,DTD
12.014295,-1.6736518,3.5724664,5,banded,DTD
11.756854,-1.7363122,1.7480971,5,banded,DTD
12.890761,-0.37512556,0.9299463,5,banded,DTD
10.802914,-2.203013,1.102579,5,banded,DTD
11.741736,-0.2496337,1.474417,5,banded,DTD
11.0338745,-0.41422334,3.031058,5,banded,DTD
12.104519,-0.5819604,1.9357886,5,banded,DTD
10.031956,-1.9257376,3.8042023,5,banded,DTD
11.28688,-2.8465934,2.9055953,5,banded,DTD
11.618398,-2.7142916,4.618481,5,banded,DTD
7.383152,-4.907215,-1.7212324,6,annual crop land,EuroSAT
6.845751,-6.2328677,-0.44686228,6,annual crop land,EuroSAT
7.386959,-4.553807,-1.2852957,6,annual crop land,EuroSAT
7.9812784,-5.067662,-2.0017827,6,annual crop land,EuroSAT
6.540175,-4.493217,-3.7224894,6,annual crop land,EuroSAT
9.10739,-4.1501493,-0.9474026,6,annual crop land,EuroSAT
7.711298,-6.718024,-1.6954716,6,annual crop land,EuroSAT
7.8512564,-4.769951,-3.3594592,6,annual crop land,EuroSAT
5.7948656,-8.436391,-0.42137763,6,annual crop land,EuroSAT
7.7604365,-3.7616634,-1.9226602,6,annual crop land,EuroSAT
8.448093,-5.3371334,-0.981034,6,annual crop land,EuroSAT
8.104138,-4.3705635,0.0055734897,6,annual crop land,EuroSAT
7.2027426,-3.548784,-2.3709106,6,annual crop land,EuroSAT
6.704277,-4.1473827,-2.9126887,6,annual crop land,EuroSAT
6.2632656,-5.8012033,-3.3631475,6,annual crop land,EuroSAT
8.3135605,-6.3317795,-1.0743914,6,annual crop land,EuroSAT
6.561504,-3.6546385,-4.3820605,6,annual crop land,EuroSAT
7.9091496,-3.2932787,0.35777852,6,annual crop land,EuroSAT
5.312018,-2.6146555,-2.322282,6,annual crop land,EuroSAT
9.061764,-6.0667524,-2.3287833,6,annual crop land,EuroSAT
7.724356,-8.546057,-1.7228003,6,annual crop land,EuroSAT
4.933493,-8.374521,-0.60448617,6,annual crop land,EuroSAT
6.556776,-8.050689,-0.75563943,6,annual crop land,EuroSAT
9.721797,-5.0173407,-1.7460872,6,annual crop land,EuroSAT
6.2238026,-4.7509513,0.730772,6,annual crop land,EuroSAT
6.622342,-5.085851,-2.8253026,6,annual crop land,EuroSAT
6.8571143,-7.814127,-2.5413911,6,annual crop land,EuroSAT
7.9692,-4.3256774,-3.7839615,6,annual crop land,EuroSAT
4.521078,-3.7281513,-2.86712,6,annual crop land,EuroSAT
5.4951816,-8.472596,-1.8330514,6,annual crop land,EuroSAT
5.5325727,-4.8807254,-3.0501654,6,annual crop land,EuroSAT
7.1190085,-6.449337,-2.2189815,6,annual crop land,EuroSAT
5.676091,-4.8878245,-1.2758034,6,annual crop land,EuroSAT
7.145038,-5.700814,0.039492756,6,annual crop land,EuroSAT
8.067781,-2.141805,-2.0472512,6,annual crop land,EuroSAT
4.906171,-7.9130306,-2.0432389,6,annual crop land,EuroSAT
7.2226777,-7.433804,-1.1691444,6,annual crop land,EuroSAT
5.7913504,-3.5336592,-1.4108608,6,annual crop land,EuroSAT
6.0037518,-2.86504,-2.9876022,6,annual crop land,EuroSAT
6.047974,-7.1624556,-1.5658431,6,annual crop land,EuroSAT
6.9803615,-7.049885,-3.8755586,6,annual crop land,EuroSAT
6.766123,-4.8290052,-0.063583866,6,annual crop land,EuroSAT
6.818925,-4.7667036,-2.1934838,6,annual crop land,EuroSAT
9.155086,-3.0331144,-3.4728365,6,annual crop land,EuroSAT
8.446244,-4.00409,-2.1558094,6,annual crop land,EuroSAT
7.6092553,-2.96829,-3.0549262,6,annual crop land,EuroSAT
7.2851686,-5.232567,-4.126751,6,annual crop land,EuroSAT
7.610579,-3.9021623,-3.3253734,6,annual crop land,EuroSAT
7.2920275,-6.5630374,-0.44680074,6,annual crop land,EuroSAT
6.772696,-5.856434,-1.4817426,6,annual crop land,EuroSAT
6.087997,-3.4728107,-2.7623706,6,annual crop land,EuroSAT
5.797896,-6.066015,-0.26920488,6,annual crop land,EuroSAT
7.64668,-4.579815,-4.328687,6,annual crop land,EuroSAT
5.6810775,-5.58138,-2.1458206,6,annual crop land,EuroSAT
7.041996,-7.532371,0.05007779,6,annual crop land,EuroSAT
5.9116807,-7.388223,-1.0697526,6,annual crop land,EuroSAT
8.258458,-6.4820023,0.48219657,6,annual crop land,EuroSAT
7.5641656,-7.181688,-0.26533967,6,annual crop land,EuroSAT
8.823825,-3.753158,-4.222912,6,annual crop land,EuroSAT
7.5976925,-3.423793,-0.41280422,6,annual crop land,EuroSAT
-3.7584672,-0.12036151,-14.6485405,7,pink primrose,Flowers
-4.2447343,0.0004702434,-15.128088,7,pink primrose,Flowers
-3.0534856,0.37668252,-14.730385,7,pink primrose,Flowers
-3.4304974,-0.19813164,-15.652243,7,pink primrose,Flowers
-3.9729784,0.2633015,-16.15373,7,pink primrose,Flowers
-4.504217,-0.71069485,-15.640902,7,pink primrose,Flowers
-3.5825596,-1.0906065,-16.160917,7,pink primrose,Flowers
-3.2794714,-0.83446705,-15.318632,7,pink primrose,Flowers
-3.9854555,0.68497914,-15.4743185,7,pink primrose,Flowers
-4.6353927,0.88091224,-15.651187,7,pink primrose,Flowers
-2.7152991,0.36924356,-15.999526,7,pink primrose,Flowers
-3.861743,-1.0801167,-14.777955,7,pink primrose,Flowers
-4.0788074,-0.33496937,-16.191032,7,pink primrose,Flowers
-3.2748208,0.9259197,-16.469519,7,pink primrose,Flowers
-3.433127,1.3903887,-14.548413,7,pink primrose,Flowers
-4.115172,0.14445093,-14.018667,7,pink primrose,Flowers
-4.5255446,0.43643132,-14.897441,7,pink primrose,Flowers
-5.054418,0.16436382,-15.109832,7,pink primrose,Flowers
-4.9639587,-0.027834782,-15.930529,7,pink primrose,Flowers
-3.512804,1.3268428,-15.102615,7,pink primrose,Flowers
17.244635,-11.9683,0.96345073,9,0 - zero,MNIST
15.841113,-14.800486,0.6410125,9,0 - zero,MNIST
15.118019,-13.162898,0.49345106,9,0 - zero,MNIST
17.294533,-10.674766,0.49571294,9,0 - zero,MNIST
16.760244,-13.374336,1.6122693,9,0 - zero,MNIST
14.684229,-14.711368,1.1388474,9,0 - zero,MNIST
16.637348,-11.653613,-0.95582426,9,0 - zero,MNIST
16.57911,-12.472444,1.5119774,9,0 - zero,MNIST
15.449434,-12.414064,-0.13744463,9,0 - zero,MNIST
17.047514,-12.272197,-0.14060453,9,0 - zero,MNIST
14.846127,-14.948334,0.71611935,9,0 - zero,MNIST
14.79784,-13.586472,1.0991864,9,0 - zero,MNIST
14.281748,-13.602685,0.25230178,9,0 - zero,MNIST
16.397942,-12.418181,0.58152497,9,0 - zero,MNIST
17.088089,-13.803655,0.7496165,9,0 - zero,MNIST
14.933846,-12.90456,2.1066344,9,0 - zero,MNIST
16.866205,-14.246226,1.7567055,9,0 - zero,MNIST
13.717264,-14.605885,0.75399715,9,0 - zero,MNIST
16.19338,-11.346328,-0.16981123,9,0 - zero,MNIST
17.916576,-12.597948,-0.12508188,9,0 - zero,MNIST
14.768372,-12.479051,0.8819932,9,0 - zero,MNIST
15.979063,-13.842567,1.3312306,9,0 - zero,MNIST
16.594131,-11.906195,0.6013556,9,0 - zero,MNIST
16.93076,-13.067641,-1.0893666,9,0 - zero,MNIST
17.364475,-13.510816,-0.86617184,9,0 - zero,MNIST
15.769678,-11.47938,1.4303757,9,0 - zero,MNIST
14.834353,-14.352298,1.8071758,9,0 - zero,MNIST
16.640406,-14.975302,-1.5558426,9,0 - zero,MNIST
15.295896,-12.882639,1.4035077,9,0 - zero,MNIST
15.591528,-15.064254,2.2621372,9,0 - zero,MNIST
13.855219,-14.09871,1.5341264,9,0 - zero,MNIST
17.516722,-13.301482,0.20923162,9,0 - zero,MNIST
15.909517,-13.44433,-1.5038925,9,0 - zero,MNIST
15.74042,-11.930929,0.65317273,9,0 - zero,MNIST
16.169144,-13.752785,0.5044486,9,0 - zero,MNIST
16.98882,-11.374716,1.4317597,9,0 - zero,MNIST
14.95071,-13.9015465,-0.46082342,9,0 - zero,MNIST
13.503797,-15.385849,1.0688046,9,0 - zero,MNIST
15.28535,-14.161701,0.3035501,9,0 - zero,MNIST
14.219552,-13.200452,1.2006578,9,0 - zero,MNIST
15.734258,-14.139937,-1.8170195,9,0 - zero,MNIST
14.179412,-15.104983,2.1851141,9,0 - zero,MNIST
3.632648,-1.9370965,11.579426,10,Abyssinian,OxfordPet
2.1802292,-0.07528511,11.548411,10,Abyssinian,OxfordPet
2.8496642,0.3814564,12.970964,10,Abyssinian,OxfordPet
4.112725,0.36820745,11.39036,10,Abyssinian,OxfordPet
1.3526932,0.25045773,15.802144,10,Abyssinian,OxfordPet
-1.5561675,-1.6253227,12.609504,10,Abyssinian,OxfordPet
2.1152592,-0.7533235,18.384071,10,Abyssinian,OxfordPet
3.5355237,-0.79328966,12.837531,10,Abyssinian,OxfordPet
3.067213,-1.1080564,11.102717,10,Abyssinian,OxfordPet
2.2941318,-0.2494516,11.923598,10,Abyssinian,OxfordPet
-1.913603,0.097176515,13.237954,10,Abyssinian,OxfordPet
2.4879553,0.54546374,14.180092,10,Abyssinian,OxfordPet
2.5095322,-0.32118294,16.015726,10,Abyssinian,OxfordPet
2.477488,0.29882005,11.882525,10,Abyssinian,OxfordPet
-2.0597825,-0.84945333,15.2880745,10,Abyssinian,OxfordPet
0.33619574,1.7902083,13.732334,10,Abyssinian,OxfordPet
3.3611748,-0.90864044,13.498372,10,Abyssinian,OxfordPet
3.630085,0.26281524,13.53185,10,Abyssinian,OxfordPet
1.4899839,0.32553196,13.212536,10,Abyssinian,OxfordPet
1.6249408,0.24305491,13.351038,10,Abyssinian,OxfordPet
-1.7583836,-0.12213802,13.351188,10,Abyssinian,OxfordPet
2.986238,0.9264098,15.012088,10,Abyssinian,OxfordPet
0.07401409,2.2248127,16.29906,10,Abyssinian,OxfordPet
4.429869,0.2956499,17.094059,10,Abyssinian,OxfordPet
1.1943175,0.3136131,11.791728,10,Abyssinian,OxfordPet
1.3928545,1.3642073,17.639238,10,Abyssinian,OxfordPet
1.5866137,-2.556087,15.620951,10,Abyssinian,OxfordPet
-0.30718237,-1.5545558,13.631821,10,Abyssinian,OxfordPet
3.4282303,-1.4565997,12.071456,10,Abyssinian,OxfordPet
0.5383351,-0.60642135,11.736163,10,Abyssinian,OxfordPet
0.29808295,0.69974196,18.992895,10,Abyssinian,OxfordPet
1.3377872,-3.3208678,15.741765,10,Abyssinian,OxfordPet
3.4770846,0.80493706,17.8434,10,Abyssinian,OxfordPet
0.30662805,-4.7111826,14.217286,10,Abyssinian,OxfordPet
0.32788566,1.3973174,20.177555,10,Abyssinian,OxfordPet
4.09266,-3.5334527,15.655293,10,Abyssinian,OxfordPet
-0.73962104,-2.0973046,13.026387,10,Abyssinian,OxfordPet
0.8005586,1.0094769,18.742632,10,Abyssinian,OxfordPet
1.4290662,2.9499872,15.910259,10,Abyssinian,OxfordPet
1.2565717,-3.2875679,15.386532,10,Abyssinian,OxfordPet
1.0870672,1.9849039,18.088852,10,Abyssinian,OxfordPet
1.69709,1.8406197,19.00633,10,Abyssinian,OxfordPet
-0.6174969,-0.36525238,17.28148,10,Abyssinian,OxfordPet
-0.56426257,-1.071147,14.451202,10,Abyssinian,OxfordPet
2.065113,1.7366179,17.5053,10,Abyssinian,OxfordPet
-0.032397263,-0.41208467,15.329572,10,Abyssinian,OxfordPet
1.372849,-1.337465,16.363026,10,Abyssinian,OxfordPet
-1.2086998,-0.77329826,14.757284,10,Abyssinian,OxfordPet
1.2891039,-1.0551324,13.2591915,10,Abyssinian,OxfordPet
-0.0062829168,-2.0261753,15.9197445,10,Abyssinian,OxfordPet
-0.8903381,-2.1026359,15.406704,10,Abyssinian,OxfordPet
1.8402691,0.11362848,16.110062,10,Abyssinian,OxfordPet
1.9506458,1.7152712,18.56924,10,Abyssinian,OxfordPet
3.8732183,-1.6475456,15.518143,10,Abyssinian,OxfordPet
0.14246543,-1.4922616,16.019928,10,Abyssinian,OxfordPet
2.108426,1.4403782,15.154438,10,Abyssinian,OxfordPet
-0.32283756,-2.280067,15.187547,10,Abyssinian,OxfordPet
-0.20772052,3.3194168,16.144194,10,Abyssinian,OxfordPet
0.61127853,-2.9017727,16.493101,10,Abyssinian,OxfordPet
2.1272817,3.3713984,15.361185,10,Abyssinian,OxfordPet
1.3995421,1.7038779,19.961388,10,Abyssinian,OxfordPet
2.1708536,1.158875,18.0797,10,Abyssinian,OxfordPet
1.2810892,2.6465437,19.767836,10,Abyssinian,OxfordPet
0.2253397,-1.7502947,16.09512,10,Abyssinian,OxfordPet
2.0545516,-2.374623,16.612135,10,Abyssinian,OxfordPet
1.6493291,-1.2793081,15.737049,10,Abyssinian,OxfordPet
-0.6401337,-0.73659086,14.900788,10,Abyssinian,OxfordPet
-0.30643237,2.358,18.51059,10,Abyssinian,OxfordPet
3.016224,-1.8880638,16.018227,10,Abyssinian,OxfordPet
0.8802405,1.6810795,20.058514,10,Abyssinian,OxfordPet
2.3933864,-2.113656,15.706265,10,Abyssinian,OxfordPet
4.347303,0.26096123,12.35452,10,Abyssinian,OxfordPet
0.33680612,-4.7952547,14.21089,10,Abyssinian,OxfordPet
1.2237704,-2.4448571,13.882284,10,Abyssinian,OxfordPet
3.1092415,1.6159533,18.471468,10,Abyssinian,OxfordPet
1.4504541,3.0501804,15.94993,10,Abyssinian,OxfordPet
2.7759874,0.509052,20.110565,10,Abyssinian,OxfordPet
1.3427573,1.2697603,17.582956,10,Abyssinian,OxfordPet
2.184245,-2.0274177,14.62382,10,Abyssinian,OxfordPet
-0.1399284,1.9964029,16.132017,10,Abyssinian,OxfordPet
1.859504,3.1969526,19.19693,10,Abyssinian,OxfordPet
3.3535612,-2.0428212,17.324324,10,Abyssinian,OxfordPet
3.236596,2.834808,17.424177,10,Abyssinian,OxfordPet
2.1052861,1.6675286,15.205889,10,Abyssinian,OxfordPet
1.2250665,-2.6591864,13.645728,10,Abyssinian,OxfordPet
0.47352818,-2.2095504,12.904511,10,Abyssinian,OxfordPet
0.8623921,-0.39400467,15.516687,10,Abyssinian,OxfordPet
1.5159993,-1.3270582,14.459929,10,Abyssinian,OxfordPet
2.503189,-1.5968925,12.1394615,10,Abyssinian,OxfordPet
1.7497209,-1.7070482,12.601733,10,Abyssinian,OxfordPet
2.7916577,-2.87051,14.0734215,10,Abyssinian,OxfordPet
3.7563167,-3.5959246,13.565145,10,Abyssinian,OxfordPet
3.2677464,-2.7767756,14.0596695,10,Abyssinian,OxfordPet
4.579697,-1.9335539,13.47015,10,Abyssinian,OxfordPet
4.9785056,-2.0079105,13.547009,10,Abyssinian,OxfordPet
1.6759665,-0.70673007,14.614796,10,Abyssinian,OxfordPet
0.3406708,-1.7924684,18.108068,10,Abyssinian,OxfordPet
1.3879756,3.0871265,18.94721,10,Abyssinian,OxfordPet
-6.6672993,-1.4805387,0.18748504,11,tench,ImageNet
-11.309598,-1.8831398,3.9043124,11,tench,ImageNet
-21.567186,0.6260638,6.034408,11,tench,ImageNet
-17.874416,-1.9078343,1.1425501,11,tench,ImageNet
-8.247187,-2.2415552,3.4453597,11,tench,ImageNet
-10.135874,-1.2743994,5.362837,11,tench,ImageNet
-20.895382,-6.308165,1.3206187,11,tench,ImageNet
-23.232801,-2.0611725,0.5677156,11,tench,ImageNet
-22.899437,-1.71099,2.3357525,11,tench,ImageNet
-21.033321,-2.0870767,-0.3013574,11,tench,ImageNet
-7.8283057,7.080062,0.85496783,11,tench,ImageNet
-18.833216,0.44037583,2.743071,11,tench,ImageNet
-16.327896,-6.230915,1.249761,11,tench,ImageNet
-15.44193,-4.2917714,0.967328,11,tench,ImageNet
-23.325024,-1.4754553,1.6591058,11,tench,ImageNet
-7.2777944,2.2047937,2.7617886,11,tench,ImageNet
-10.093252,-0.3672176,3.0300713,11,tench,ImageNet
-9.869782,0.859727,2.1877906,11,tench,ImageNet
-19.069233,-3.6763263,0.24798448,11,tench,ImageNet
-17.898785,-1.1337773,3.9342644,11,tench,ImageNet
-14.299531,-3.130111,5.147739,11,tench,ImageNet
-9.81547,-0.3092406,1.1670135,11,tench,ImageNet
-9.77848,-1.8738911,3.5225646,11,tench,ImageNet
-14.556353,0.6053882,3.5622072,11,tench,ImageNet
-18.366016,-3.569911,0.8937917,11,tench,ImageNet
-22.93994,-2.812506,3.8801303,11,tench,ImageNet
-10.960124,3.071062,4.905093,11,tench,ImageNet
-9.178198,2.5075376,0.29127765,11,tench,ImageNet
-12.354419,0.5899568,5.318603,11,tench,ImageNet
-17.451424,2.2849174,4.0075464,11,tench,ImageNet
-9.084795,0.31497285,3.0406296,11,tench,ImageNet
-15.935993,-1.3344445,5.6401286,11,tench,ImageNet
-16.778955,-4.537511,-3.6386826,11,tench,ImageNet
-7.891888,-0.13521142,2.2999237,11,tench,ImageNet
-12.200235,2.5769405,4.0367646,11,tench,ImageNet
-11.575819,-1.1214885,1.2279378,11,tench,ImageNet
-10.604282,3.115978,0.1329609,11,tench,ImageNet
-11.067868,-0.76883453,4.2235227,11,tench,ImageNet
-9.074135,2.7425735,3.6267002,11,tench,ImageNet
-19.390814,-3.1293077,5.10647,11,tench,ImageNet
-16.10891,-3.5004995,2.8508239,11,tench,ImageNet
-19.678843,-6.637581,-0.24049978,11,tench,ImageNet
-21.179571,-1.1834646,5.272557,11,tench,ImageNet
-18.696997,-5.6649103,-1.8824162,11,tench,ImageNet
-18.315023,-2.3485255,-0.71601385,11,tench,ImageNet
-16.789978,-2.2025673,0.8355788,11,tench,ImageNet
-8.057014,-1.0581034,4.0406194,11,tench,ImageNet
-17.591871,-5.509568,1.5877955,11,tench,ImageNet
-23.950499,-1.9611286,2.6059036,11,tench,ImageNet
-16.883772,-5.2352724,-1.1321253,11,tench,ImageNet
-4.0333657,-4.9801655,-5.028955,12,stingray,ImageNetA
-5.244927,-5.2937465,-2.7245939,12,stingray,ImageNetA
-4.56418,-7.6071796,-2.9639323,12,stingray,ImageNetA
-4.230843,-5.9894843,-3.2172625,12,stingray,ImageNetA
-5.543589,-5.1252103,-6.363232,12,stingray,ImageNetA
-5.4947734,-5.7098703,-4.6581697,12,stingray,ImageNetA
-5.0513096,-4.076179,-6.6120424,12,stingray,ImageNetA
-5.8706574,-6.103485,-6.5563197,12,stingray,ImageNetA
-4.309589,-7.6730156,-2.7112758,12,stingray,ImageNetA
-2.9344287,-6.0688334,-3.3748612,12,stingray,ImageNetA
-8.091096,-5.4272857,-5.8928394,12,stingray,ImageNetA
-5.0161333,-5.1867657,-1.0367477,12,stingray,ImageNetA
-5.2788076,-4.6500826,-7.039548,12,stingray,ImageNetA
-0.82374966,-6.1854343,-7.943962,12,stingray,ImageNetA
-5.0375905,-4.3979287,-4.2568884,12,stingray,ImageNetA
-1.4361349,-3.7414403,-7.155843,12,stingray,ImageNetA
-3.390558,-4.866309,-2.1103444,12,stingray,ImageNetA
-1.304621,-3.1496496,-7.18973,12,stingray,ImageNetA
-3.0481236,-6.005216,-3.3278067,12,stingray,ImageNetA
-1.3946538,-4.206684,-5.3688164,12,stingray,ImageNetA
-1.4157492,-3.7344677,-7.226135,12,stingray,ImageNetA
-4.374349,-2.2024357,-5.586697,12,stingray,ImageNetA
-2.2972207,-5.6856894,-3.2703974,12,stingray,ImageNetA
-3.9450128,-1.8552334,-5.2228413,12,stingray,ImageNetA
-5.217163,-5.112868,-7.6708183,12,stingray,ImageNetA
-5.292748,-4.854991,-2.5891693,12,stingray,ImageNetA
-10.7695675,-0.9293098,7.4908104,12,stingray,ImageNetA
-2.839239,-6.870843,-4.002303,12,stingray,ImageNetA
-1.1511226,-7.7948546,-7.929028,12,stingray,ImageNetA
-7.0208035,-3.5720692,-7.162598,12,stingray,ImageNetA
-4.4932575,-6.796924,-4.1704764,12,stingray,ImageNetA
-0.91338664,-3.7526066,-4.894055,12,stingray,ImageNetA
-5.1932273,-6.2444587,-4.291321,12,stingray,ImageNetA
-4.6243796,-7.4010873,-4.3845396,12,stingray,ImageNetA
-5.2814784,-5.6418877,-6.904484,12,stingray,ImageNetA
-6.9680104,-5.6848016,-8.701232,12,stingray,ImageNetA
-0.42840117,-3.5366113,-4.681022,12,stingray,ImageNetA
-4.1182723,-4.721795,-2.069016,12,stingray,ImageNetA
-1.5274585,-5.0960474,-8.507854,12,stingray,ImageNetA
-1.1053845,-7.7903066,-8.052594,12,stingray,ImageNetA
-6.0835795,-3.2096672,-1.5584109,12,stingray,ImageNetA
-6.0804396,-4.04956,-4.88288,12,stingray,ImageNetA
-4.664178,-7.4773526,-5.1517167,12,stingray,ImageNetA
-7.9875226,-3.45374,-4.641634,12,stingray,ImageNetA
-8.034697,-2.790146,-3.8530262,12,stingray,ImageNetA
-5.767731,-5.829501,-5.0988245,12,stingray,ImageNetA
-7.230274,-5.22878,-7.896229,12,stingray,ImageNetA
-1.8132906,-5.4420586,-6.350035,12,stingray,ImageNetA
-6.158659,-3.8610506,-4.792173,12,stingray,ImageNetA
-4.7186337,-5.2863226,-6.629681,12,stingray,ImageNetA
-1.9146593,-5.575644,-8.2416315,12,stingray,ImageNetA
-6.9687753,-6.474624,-5.397335,12,stingray,ImageNetA
-4.7998986,-4.919771,-2.6901078,12,stingray,ImageNetA
-7.127231,-3.427775,-5.751771,12,stingray,ImageNetA
-7.3764577,-4.799542,-7.188922,12,stingray,ImageNetA
-5.454084,-4.4343185,-8.363986,12,stingray,ImageNetA
-5.066036,-4.926969,-7.319874,12,stingray,ImageNetA
-2.4751198,-5.772006,-7.62734,12,stingray,ImageNetA
-1.7857503,-5.633147,-8.163107,12,stingray,ImageNetA
-7.584365,-3.931226,-4.0479693,12,stingray,ImageNetA
-1.0982728,-7.1121993,-8.175001,12,stingray,ImageNetA
-5.1084895,-5.627369,-8.015608,12,stingray,ImageNetA
-6.6575127,-5.135379,-7.724061,12,stingray,ImageNetA
-7.4294434,-4.029533,-6.8729973,12,stingray,ImageNetA
-4.6525693,-6.8441453,-6.3376813,12,stingray,ImageNetA
-7.4417524,-5.5516605,-7.4164286,12,stingray,ImageNetA
-1.5531268,-7.2148995,-7.970917,12,stingray,ImageNetA
-5.281984,-5.087307,-4.174801,12,stingray,ImageNetA
-6.3775826,-4.031367,-7.9883027,12,stingray,ImageNetA
-1.0827216,-6.9298277,-8.579343,12,stingray,ImageNetA
-2.592228,-5.516059,-7.42662,12,stingray,ImageNetA
-2.0977333,-7.0174904,-7.309387,12,stingray,ImageNetA
-8.25713,-4.824392,-7.2950487,12,stingray,ImageNetA
-8.121,-4.757865,-7.541529,12,stingray,ImageNetA
-7.828188,-3.5918715,-4.6957746,12,stingray,ImageNetA
-4.06392,-5.877088,-8.457354,12,stingray,ImageNetA
3.7807639,4.396916,-5.816641,13,goldfish,ImageNetR
0.55087745,11.364141,-6.8235207,13,goldfish,ImageNetR
3.1934404,10.55358,-0.5243044,13,goldfish,ImageNetR
4.953462,10.136741,-2.7141495,13,goldfish,ImageNetR
4.219955,7.5074735,-7.580723,13,goldfish,ImageNetR
2.761288,13.236871,-3.2154768,13,goldfish,ImageNetR
-0.54066324,10.318628,-10.459147,13,goldfish,ImageNetR
2.9699454,10.124573,-5.305548,13,goldfish,ImageNetR
3.4270403,3.5723128,-6.023429,13,goldfish,ImageNetR
4.7950187,11.555603,-4.566415,13,goldfish,ImageNetR
3.570011,8.836302,-4.4125175,13,goldfish,ImageNetR
6.921917,12.214749,3.0979433,13,goldfish,ImageNetR
0.4117895,11.501955,-7.0455856,13,goldfish,ImageNetR
5.907732,9.730483,1.8559365,13,goldfish,ImageNetR
0.94213074,9.291623,3.561902,13,goldfish,ImageNetR
4.5256653,11.0771475,-1.3004264,13,goldfish,ImageNetR
1.1542132,9.014971,1.7583405,13,goldfish,ImageNetR
5.6454616,9.274143,0.79128855,13,goldfish,ImageNetR
4.2813697,9.016936,2.0468662,13,goldfish,ImageNetR
5.7382975,10.647363,-0.07489131,13,goldfish,ImageNetR
1.3306258,11.105705,1.7696362,13,goldfish,ImageNetR
4.775048,9.914627,1.3687754,13,goldfish,ImageNetR
3.7895312,6.962124,2.9304311,13,goldfish,ImageNetR
5.186705,10.017219,-4.5495987,13,goldfish,ImageNetR
8.627877,8.67076,-4.9270515,13,goldfish,ImageNetR
7.0694323,11.594058,-1.8962827,13,goldfish,ImageNetR
0.8164617,9.0927105,3.565714,13,goldfish,ImageNetR
-2.4923546,9.592309,-7.77979,13,goldfish,ImageNetR
-0.69849294,4.2244296,-2.0636263,13,goldfish,ImageNetR
4.6382484,11.386652,-1.6139206,13,goldfish,ImageNetR
5.4335275,13.4606695,-3.7078688,13,goldfish,ImageNetR
4.5620966,10.784769,2.6703026,13,goldfish,ImageNetR
1.1478107,4.2309055,-1.3973731,13,goldfish,ImageNetR
2.231326,12.961098,-7.563757,13,goldfish,ImageNetR
3.8380823,9.845674,2.1126518,13,goldfish,ImageNetR
5.016148,8.746775,0.5377227,13,goldfish,ImageNetR
6.4135013,11.011554,0.884166,13,goldfish,ImageNetR
3.182836,7.689444,1.0794326,13,goldfish,ImageNetR
7.5344834,8.722521,-4.448881,13,goldfish,ImageNetR
3.6484184,10.473763,2.6918473,13,goldfish,ImageNetR
2.923594,8.26436,3.661215,13,goldfish,ImageNetR
0.2251256,6.43683,-1.6644229,13,goldfish,ImageNetR
2.8646712,10.225052,2.7611916,13,goldfish,ImageNetR
5.6213,5.9068837,-3.8992486,13,goldfish,ImageNetR
4.6670947,11.218347,2.4435232,13,goldfish,ImageNetR
1.6864809,15.035335,1.6105025,13,goldfish,ImageNetR
6.6606703,10.606686,-2.2999809,13,goldfish,ImageNetR
1.1367091,13.42966,-9.674818,13,goldfish,ImageNetR
5.0514865,6.0809216,-6.4331284,13,goldfish,ImageNetR
5.1770096,10.119676,-2.2758129,13,goldfish,ImageNetR
4.6671877,11.043447,1.098024,13,goldfish,ImageNetR
1.5008667,12.55521,-1.5288265,13,goldfish,ImageNetR
4.235673,7.926463,-7.5204,13,goldfish,ImageNetR
5.8355794,8.966319,-1.6330837,13,goldfish,ImageNetR
5.963472,14.332104,2.901882,13,goldfish,ImageNetR
6.2539682,6.9027314,0.013780835,13,goldfish,ImageNetR
8.932945,7.6681824,-0.045020774,13,goldfish,ImageNetR
10.538973,7.4701905,0.16507797,13,goldfish,ImageNetR
-2.6237216,5.833904,-5.257531,13,goldfish,ImageNetR
-2.519821,9.153416,-6.3548784,13,goldfish,ImageNetR
8.732238,7.6590996,0.14066252,13,goldfish,ImageNetR
9.861191,8.9249,-0.30869406,13,goldfish,ImageNetR
10.082571,9.108439,0.24328312,13,goldfish,ImageNetR
2.7225056,9.16979,-2.4288323,13,goldfish,ImageNetR
8.620781,7.024035,-0.4236505,13,goldfish,ImageNetR
9.788803,7.7271953,0.020663684,13,goldfish,ImageNetR
5.610389,7.3117623,-0.1317532,13,goldfish,ImageNetR
9.627221,8.714275,-0.2825021,13,goldfish,ImageNetR
1.744507,8.416435,-3.129264,13,goldfish,ImageNetR
-0.9031592,11.904276,0.23275663,13,goldfish,ImageNetR
5.7619896,8.12213,-0.04403521,13,goldfish,ImageNetR
10.149896,9.101745,0.17229839,13,goldfish,ImageNetR
3.6538963,11.971393,-9.668917,13,goldfish,ImageNetR
1.6570666,11.593116,-7.648141,13,goldfish,ImageNetR
3.2561276,12.303284,-4.8822837,13,goldfish,ImageNetR
3.2862659,9.31225,-4.752271,13,goldfish,ImageNetR
3.6986587,12.537128,-9.181128,13,goldfish,ImageNetR
3.3732252,11.036227,-7.968013,13,goldfish,ImageNetR
2.652919,9.624363,-7.8218927,13,goldfish,ImageNetR
2.3250177,12.150118,-8.77415,13,goldfish,ImageNetR
7.625526,8.716534,-4.4776254,13,goldfish,ImageNetR
1.8186314,5.5202026,0.29939675,13,goldfish,ImageNetR
4.1118016,10.991252,-8.243697,13,goldfish,ImageNetR
2.8115559,12.353615,-8.331683,13,goldfish,ImageNetR
-1.888453,6.6343,-2.505723,13,goldfish,ImageNetR
3.0925357,5.2493234,-3.0658126,13,goldfish,ImageNetR
1.1283163,5.177753,-1.9084587,13,goldfish,ImageNetR
4.2125916,4.8479376,-4.5452185,13,goldfish,ImageNetR
3.0938704,4.249416,-1.1241544,13,goldfish,ImageNetR
3.3029165,3.069773,-3.4778159,13,goldfish,ImageNetR
4.637185,3.9349217,-3.060633,13,goldfish,ImageNetR
1.7946098,8.241397,-1.5282357,13,goldfish,ImageNetR
1.6321712,4.911459,-2.0839996,13,goldfish,ImageNetR
4.1419687,4.768708,-3.0491207,13,goldfish,ImageNetR
-1.7016152,7.524793,-3.0238361,13,goldfish,ImageNetR
2.083406,7.5495467,-0.9952111,13,goldfish,ImageNetR
1.5927076,2.880719,-3.2424805,13,goldfish,ImageNetR
3.3159375,4.2307005,-1.9145437,13,goldfish,ImageNetR
2.82308,5.4636345,-2.9048746,13,goldfish,ImageNetR
1.6413158,9.1813965,-2.5455272,13,goldfish,ImageNetR
2.5778239,6.4473863,-1.6249757,13,goldfish,ImageNetR
3.3582873,2.998473,-3.713306,13,goldfish,ImageNetR
2.2175987,4.1443357,-3.0913215,13,goldfish,ImageNetR
4.0327535,4.79799,-3.3387492,13,goldfish,ImageNetR
0.019490417,9.122517,0.613011,13,goldfish,ImageNetR
3.93937,2.8640285,-2.9708347,13,goldfish,ImageNetR
4.7197037,11.770415,0.65227795,13,goldfish,ImageNetR
-2.1064637,9.463949,-2.4284153,13,goldfish,ImageNetR
7.1503897,7.7308645,-2.779632,13,goldfish,ImageNetR
0.3100441,9.137044,-1.8922606,13,goldfish,ImageNetR
-0.06569031,16.909876,1.168916,13,goldfish,ImageNetR
0.2587697,12.72328,-6.421342,13,goldfish,ImageNetR
-0.39802155,10.659426,-8.311639,13,goldfish,ImageNetR
-2.3595376,9.328056,-6.74349,13,goldfish,ImageNetR
-1.0974113,12.13821,-6.9208045,13,goldfish,ImageNetR
0.6298691,9.635804,-3.7011707,13,goldfish,ImageNetR
5.449587,8.578592,-5.2921004,13,goldfish,ImageNetR
-2.1429791,11.141073,-5.8586764,13,goldfish,ImageNetR
4.665349,8.470644,0.5653964,13,goldfish,ImageNetR
-0.28799176,11.898804,-6.437006,13,goldfish,ImageNetR
1.735699,11.5993595,-9.990372,13,goldfish,ImageNetR
-0.13814226,7.9738946,-9.783509,13,goldfish,ImageNetR
0.25162193,7.6798368,-9.8736925,13,goldfish,ImageNetR
3.2193866,12.4095545,-2.5288424,13,goldfish,ImageNetR
1.1017529,8.201474,-10.846519,13,goldfish,ImageNetR
1.3856848,6.3862042,-10.185062,13,goldfish,ImageNetR
0.8728374,6.904422,-10.815292,13,goldfish,ImageNetR
-1.5075368,7.586998,-7.3176517,13,goldfish,ImageNetR
1.0771545,6.9006805,-10.47073,13,goldfish,ImageNetR
2.7334857,7.837615,0.36928177,13,goldfish,ImageNetR
1.5633795,7.223743,-9.862966,13,goldfish,ImageNetR
-1.3636652,11.7409725,-5.957551,13,goldfish,ImageNetR
-0.29899174,7.4745183,-7.99586,13,goldfish,ImageNetR
1.2858322,7.6761456,-10.257897,13,goldfish,ImageNetR
0.7077604,7.3897,-10.001486,13,goldfish,ImageNetR
5.557236,7.2449837,-5.118142,13,goldfish,ImageNetR
1.8597857,11.280467,-5.253945,13,goldfish,ImageNetR
5.160292,9.163431,-3.4561248,13,goldfish,ImageNetR
3.8328836,8.294054,-4.366384,13,goldfish,ImageNetR
3.3981836,6.3358517,-3.0274343,13,goldfish,ImageNetR
2.8666182,8.687822,-7.8997264,13,goldfish,ImageNetR
-1.9479938,8.302886,-2.9909873,13,goldfish,ImageNetR
4.181097,13.290729,-7.31553,13,goldfish,ImageNetR
4.353059,12.309854,-2.7844257,13,goldfish,ImageNetR
4.990348,11.164949,-4.626221,13,goldfish,ImageNetR
1.0882514,11.467516,-3.2910283,13,goldfish,ImageNetR
1.5130159,8.423349,-4.326899,13,goldfish,ImageNetR
3.8908257,8.327078,-1.8400801,13,goldfish,ImageNetR
2.9034157,7.671823,-5.528479,13,goldfish,ImageNetR
2.8629065,10.168191,-0.30831406,13,goldfish,ImageNetR
1.8872371,10.670049,-2.4227266,13,goldfish,ImageNetR
2.3664608,5.7112703,-4.2339644,13,goldfish,ImageNetR
1.6602393,9.796602,-2.5467196,13,goldfish,ImageNetR
1.03281,8.713259,1.8468193,13,goldfish,ImageNetR
3.165783,9.194506,-6.230935,13,goldfish,ImageNetR
0.90230435,10.376474,-1.703502,13,goldfish,ImageNetR
4.4140167,8.501915,-0.8613926,13,goldfish,ImageNetR
1.0626918,9.584268,-2.8704417,13,goldfish,ImageNetR
2.6732774,10.697842,-4.8206058,13,goldfish,ImageNetR
3.3694415,8.181015,-4.5535564,13,goldfish,ImageNetR
2.8313196,10.88866,-4.0590153,13,goldfish,ImageNetR
1.4700979,4.962901,-4.4865613,13,goldfish,ImageNetR
2.4852374,10.039812,-0.29748943,13,goldfish,ImageNetR
2.0483985,7.812044,-3.4719539,13,goldfish,ImageNetR
6.716986,10.501442,-2.4391394,13,goldfish,ImageNetR
4.553939,7.280196,-3.965108,13,goldfish,ImageNetR
-0.50806755,11.756496,-0.153422,13,goldfish,ImageNetR
2.7982755,8.511549,-3.6998093,13,goldfish,ImageNetR
3.7446227,8.234724,-1.9320705,13,goldfish,ImageNetR
5.778853,9.473059,-2.1930711,13,goldfish,ImageNetR
0.94887775,10.430801,-1.9846786,13,goldfish,ImageNetR
1.894428,10.498675,-0.2575059,13,goldfish,ImageNetR
0.57981986,10.520058,-6.220333,13,goldfish,ImageNetR
4.824274,12.428424,-3.5936122,13,goldfish,ImageNetR
1.5709757,8.207721,-11.720449,13,goldfish,ImageNetR
0.7682663,7.265305,0.24677469,13,goldfish,ImageNetR
6.6195283,11.1541605,-4.866552,13,goldfish,ImageNetR
4.210153,15.4993515,-0.75718033,13,goldfish,ImageNetR
3.0284889,13.267075,2.074875,13,goldfish,ImageNetR
4.2815065,12.356674,4.1032963,13,goldfish,ImageNetR
4.325863,13.493506,4.162268,13,goldfish,ImageNetR
2.0647535,13.568165,0.6693733,13,goldfish,ImageNetR
3.2137625,13.898473,0.9017398,13,goldfish,ImageNetR
3.8078918,14.454648,3.5408695,13,goldfish,ImageNetR
2.917718,14.124744,-0.2656713,13,goldfish,ImageNetR
5.1286407,14.479019,3.0243745,13,goldfish,ImageNetR
4.6124277,13.969128,0.66695076,13,goldfish,ImageNetR
3.6524036,14.777267,1.3141935,13,goldfish,ImageNetR
4.022688,15.037806,-0.48523182,13,goldfish,ImageNetR
3.665567,11.848473,3.1731577,13,goldfish,ImageNetR
3.1801038,13.975196,0.65134597,13,goldfish,ImageNetR
2.8948174,13.2795725,1.9676881,13,goldfish,ImageNetR
3.438973,13.669508,4.5972633,13,goldfish,ImageNetR
2.2423747,14.51582,0.6894879,13,goldfish,ImageNetR
4.3959312,13.722392,3.4512064,13,goldfish,ImageNetR
4.370171,13.628442,3.79283,13,goldfish,ImageNetR
2.432145,13.495267,1.5914648,13,goldfish,ImageNetR
4.604915,7.128824,-4.0903373,13,goldfish,ImageNetR
1.7191505,6.9577794,-1.4261844,13,goldfish,ImageNetR
-0.49224058,12.269634,-10.563124,13,goldfish,ImageNetR
0.58942765,11.701055,-11.731443,13,goldfish,ImageNetR
0.3605644,12.434878,-8.66287,13,goldfish,ImageNetR
-1.2381179,10.231528,-8.218136,13,goldfish,ImageNetR
0.654379,11.334849,-10.343556,13,goldfish,ImageNetR
1.9803705,12.412764,-10.02257,13,goldfish,ImageNetR
0.90169746,11.995697,-9.623124,13,goldfish,ImageNetR
2.1923695,10.072215,-8.88377,13,goldfish,ImageNetR
0.45497546,11.359028,-9.8941,13,goldfish,ImageNetR
1.9669465,11.5581,-10.676963,13,goldfish,ImageNetR
1.9028138,10.911941,-9.377767,13,goldfish,ImageNetR
-2.5479164,8.041617,-3.7505023,13,goldfish,ImageNetR
2.3771431,10.6621275,-10.576665,13,goldfish,ImageNetR
0.7878688,9.906356,-9.998914,13,goldfish,ImageNetR
0.45533457,11.302879,-10.150142,13,goldfish,ImageNetR
4.200754,7.4797583,-0.2543694,13,goldfish,ImageNetR
2.294964,11.767885,-11.327092,13,goldfish,ImageNetR
5.832362,8.384426,2.8861833,13,goldfish,ImageNetR
5.030152,10.132259,6.79351,13,goldfish,ImageNetR
5.341613,9.70231,7.3011107,13,goldfish,ImageNetR
6.159158,6.5569406,1.0948187,13,goldfish,ImageNetR
5.801494,13.116954,4.807417,13,goldfish,ImageNetR
6.338927,9.538579,4.5758233,13,goldfish,ImageNetR
7.0276656,12.51555,3.707304,13,goldfish,ImageNetR
5.5348716,11.974952,4.0421615,13,goldfish,ImageNetR
4.147712,9.301193,3.9815683,13,goldfish,ImageNetR
5.036485,7.4687414,1.5360472,13,goldfish,ImageNetR
5.576429,10.460322,3.6883705,13,goldfish,ImageNetR
6.1493125,9.934592,5.4575715,13,goldfish,ImageNetR
4.8826194,11.034618,5.7776194,13,goldfish,ImageNetR
4.9685473,10.125957,6.862772,13,goldfish,ImageNetR
0.44674274,14.7936535,1.6105399,14,tench,ImageNetSketch
2.6326098,15.200328,6.740826,14,tench,ImageNetSketch
1.5625647,17.258427,7.2330074,14,tench,ImageNetSketch
1.1609991,15.32919,4.5090413,14,tench,ImageNetSketch
0.36106524,15.6852865,6.9203854,14,tench,ImageNetSketch
0.07135454,15.977897,5.05623,14,tench,ImageNetSketch
3.9314935,14.655171,6.0254526,14,tench,ImageNetSketch
-1.3644785,17.117754,4.0931168,14,tench,ImageNetSketch
1.6514103,16.036318,5.7685156,14,tench,ImageNetSketch
-0.7392023,17.637302,5.465574,14,tench,ImageNetSketch
0.397848,15.113143,1.9221249,14,tench,ImageNetSketch
1.3912241,11.002129,4.6758685,14,tench,ImageNetSketch
1.579825,16.663692,3.3555188,14,tench,ImageNetSketch
1.8723747,16.998247,6.577967,14,tench,ImageNetSketch
1.7019392,17.900732,4.169252,14,tench,ImageNetSketch
0.9101672,14.590002,3.72239,14,tench,ImageNetSketch
2.6459866,17.217524,4.905413,14,tench,ImageNetSketch
1.8765373,15.796216,7.0979447,14,tench,ImageNetSketch
3.0114179,13.550968,5.581817,14,tench,ImageNetSketch
-0.35366797,14.876608,3.4679775,14,tench,ImageNetSketch
2.2507923,15.734087,5.9800777,14,tench,ImageNetSketch
0.83814895,15.460057,-0.63386124,14,tench,ImageNetSketch
0.2572686,15.590412,7.049302,14,tench,ImageNetSketch
0.9766539,15.818605,5.1593394,14,tench,ImageNetSketch
-0.41050833,16.149614,3.0521078,14,tench,ImageNetSketch
1.274778,16.807484,3.6217694,14,tench,ImageNetSketch
1.5533999,17.92282,4.73863,14,tench,ImageNetSketch
0.90623206,17.352049,6.126185,14,tench,ImageNetSketch
3.0904732,17.406927,4.8569613,14,tench,ImageNetSketch
2.7244952,16.362137,1.0419383,14,tench,ImageNetSketch
3.6467936,13.129453,4.6352425,14,tench,ImageNetSketch
3.8556278,12.833908,5.5796585,14,tench,ImageNetSketch
2.2203076,15.633744,0.9328179,14,tench,ImageNetSketch
0.14120433,16.685211,5.7168756,14,tench,ImageNetSketch
0.60783875,15.456854,4.6161923,14,tench,ImageNetSketch
0.92533875,14.936825,3.7226217,14,tench,ImageNetSketch
3.153043,15.764562,6.3716183,14,tench,ImageNetSketch
3.346256,18.273626,4.5069165,14,tench,ImageNetSketch
1.6802713,17.234125,6.778843,14,tench,ImageNetSketch
-0.40769613,14.828842,0.36978695,14,tench,ImageNetSketch
-0.5794796,16.347479,6.2194653,14,tench,ImageNetSketch
4.883684,15.251058,4.8572,14,tench,ImageNetSketch
1.5793886,15.06439,6.1689672,14,tench,ImageNetSketch
1.7305983,15.059124,4.6002364,14,tench,ImageNetSketch
0.4318548,14.841236,1.6321034,14,tench,ImageNetSketch
-0.40632537,14.762209,3.4319942,14,tench,ImageNetSketch
2.5570648,15.25658,6.5799375,14,tench,ImageNetSketch
0.96756655,17.597908,5.8022094,14,tench,ImageNetSketch
1.4688064,14.7095585,6.9687614,14,tench,ImageNetSketch
1.9738944,14.785024,6.215933,14,tench,ImageNetSketch
1.3874267,14.947257,0.7272076,14,tench,ImageNetSketch
-19.832735,-7.0959673,2.9959636,15,tench,ImageNetSM
-17.389162,-5.152972,4.1829715,15,tench,ImageNetSM
-9.20798,0.41261822,4.6815267,15,tench,ImageNetSM
-21.139555,0.3424034,4.4029217,15,tench,ImageNetSM
-20.615175,-7.487065,3.756265,15,tench,ImageNetSM
-21.007431,0.03309941,4.221799,15,tench,ImageNetSM
-16.949326,-7.177991,1.3156431,15,tench,ImageNetSM
-17.547247,-7.2883043,-1.5641145,15,tench,ImageNetSM
-22.520706,-0.6296518,3.9379113,15,tench,ImageNetSM
-19.620117,-1.4693198,2.145537,15,tench,ImageNetSM
-8.748467,1.7295403,5.701853,15,tench,ImageNetSM
-18.155878,-6.1460648,0.30218595,15,tench,ImageNetSM
-16.279497,-1.7874703,2.1769621,15,tench,ImageNetSM
-17.651491,-6.5748134,4.4451337,15,tench,ImageNetSM
-17.162127,-4.9013023,4.5087414,15,tench,ImageNetSM
-17.10347,-3.2121224,-1.0285854,15,tench,ImageNetSM
-19.024328,-5.7840757,3.911606,15,tench,ImageNetSM
-9.288977,1.3303353,3.9350302,15,tench,ImageNetSM
-9.852077,3.473762,2.8592825,15,tench,ImageNetSM
-7.7774954,0.7674461,4.6813436,15,tench,ImageNetSM
-16.837503,-0.8473274,6.6615057,15,tench,ImageNetSM
-18.000408,-1.9897925,3.5894434,15,tench,ImageNetSM
-6.4496517,3.2401059,4.5308757,15,tench,ImageNetSM
-4.6543994,3.3658798,-2.4427364,15,tench,ImageNetSM
-21.061453,-4.6433783,-1.1338239,15,tench,ImageNetSM
-22.754726,-0.26530844,2.6077998,15,tench,ImageNetSM
-17.168575,-4.57776,1.2031698,15,tench,ImageNetSM
-19.06439,-6.899383,0.794183,15,tench,ImageNetSM
-6.485795,0.9347886,4.643177,15,tench,ImageNetSM
-9.314656,-0.5415158,5.7563562,15,tench,ImageNetSM
-11.996881,-2.1117544,3.2337377,15,tench,ImageNetSM
-15.907769,-0.8996425,0.81693,15,tench,ImageNetSM
-18.496616,-4.6957583,0.123582356,15,tench,ImageNetSM
-21.026554,-2.1821265,-0.25119802,15,tench,ImageNetSM
-6.1043177,4.2242956,0.046009593,15,tench,ImageNetSM
-6.9872136,1.5482299,4.0335693,15,tench,ImageNetSM
-20.926144,-4.806016,-1.2531829,15,tench,ImageNetSM
-22.040377,0.8097841,5.0486913,15,tench,ImageNetSM
-5.566059,1.1759773,2.4638464,15,tench,ImageNetSM
-18.751652,-0.32831427,7.1307716,15,tench,ImageNetSM
-15.37157,-6.0365534,2.9562707,15,tench,ImageNetSM
-10.467036,1.4159989,4.641301,15,tench,ImageNetSM
-6.097304,0.49856928,2.7110553,15,tench,ImageNetSM
-16.981842,-6.079239,5.1113553,15,tench,ImageNetSM
-17.25886,-6.5067635,0.004473753,15,tench,ImageNetSM
-18.982037,-0.27505913,7.2077208,15,tench,ImageNetSM
-17.38382,-5.937268,4.093958,15,tench,ImageNetSM
-20.140232,-2.6683073,4.069675,15,tench,ImageNetSM
-15.011105,-3.8222163,-0.49018624,15,tench,ImageNetSM
-21.469368,-4.0040445,3.2923589,15,tench,ImageNetSM
-22.28865,-3.4137886,0.43441588,15,tench,ImageNetSM
-10.774254,1.7847816,2.1912932,15,tench,ImageNetSM
-12.348269,1.6614838,3.3269145,15,tench,ImageNetSM
-10.123912,0.31682232,4.842961,15,tench,ImageNetSM
-20.427198,-0.55047435,3.375763,15,tench,ImageNetSM
-12.648728,0.81178355,6.164938,15,tench,ImageNetSM
-7.8834486,-0.019270042,4.9430184,15,tench,ImageNetSM
-20.077145,-3.5237322,2.6659954,15,tench,ImageNetSM
-9.404328,-2.0054476,2.2768238,15,tench,ImageNetSM
-9.2057905,-2.6604884,4.87658,15,tench,ImageNetSM
-20.815662,-6.0875688,2.696358,15,tench,ImageNetSM
-0.00062354025,14.239538,5.3508306,15,tench,ImageNetSM
-21.247946,-1.4657813,6.424434,15,tench,ImageNetSM
-18.60902,-7.120125,5.2343707,15,tench,ImageNetSM
-18.98896,-6.8929105,4.712611,15,tench,ImageNetSM
-19.1948,-0.2853797,7.0159907,15,tench,ImageNetSM
-18.697937,-2.0972302,1.5240905,15,tench,ImageNetSM
-16.648598,-7.895746,-0.20105283,15,tench,ImageNetSM
-18.46287,-3.6959763,3.694753,15,tench,ImageNetSM
-8.37591,3.0510883,0.7693736,15,tench,ImageNetSM
-7.45024,-0.22267535,5.917504,15,tench,ImageNetSM
-21.884115,-3.712051,-1.3202497,15,tench,ImageNetSM
-19.34614,-6.8350167,2.1927488,15,tench,ImageNetSM
-14.877061,-5.731308,0.545968,15,tench,ImageNetSM
-17.127546,-7.102485,-2.0527909,15,tench,ImageNetSM
-17.002796,-6.577009,2.4724526,15,tench,ImageNetSM
-1.7366111,10.04327,-8.465878,15,tench,ImageNetSM
-19.335567,-3.6908622,2.7007275,15,tench,ImageNetSM
-17.604118,-6.8758864,0.6742079,15,tench,ImageNetSM
-16.32158,-1.6089642,-0.61157906,15,tench,ImageNetSM
-10.510044,1.4329985,3.184775,15,tench,ImageNetSM
-15.600598,-5.9893355,3.4687233,15,tench,ImageNetSM
-19.554085,-7.07047,2.8098102,15,tench,ImageNetSM
-21.762941,-0.775209,4.4692535,15,tench,ImageNetSM
-18.286444,-0.95866054,0.640305,15,tench,ImageNetSM
-18.108784,-7.6067214,2.8005583,15,tench,ImageNetSM
-16.95961,-2.8329582,0.13595775,15,tench,ImageNetSM
-8.888901,0.98529416,4.8529806,15,tench,ImageNetSM
-5.695966,4.6820807,-0.6048391,15,tench,ImageNetSM
-22.18698,-3.6345942,-0.387484,15,tench,ImageNetSM
-19.325039,-8.442783,2.8721497,15,tench,ImageNetSM
-18.444227,-7.9562054,1.5502151,15,tench,ImageNetSM
-22.178825,-3.5538082,0.51504916,15,tench,ImageNetSM
-17.087381,-3.4080966,2.5947998,15,tench,ImageNetSM
-18.95512,-3.035272,3.0999606,15,tench,ImageNetSM
-20.84669,-0.84020734,5.7122145,15,tench,ImageNetSM
-19.364475,-5.4530234,2.2475936,15,tench,ImageNetSM
-10.16966,2.2943182,2.456044,15,tench,ImageNetSM
-18.083239,-8.779743,0.5677886,15,tench,ImageNetSM
-16.86485,-2.6428256,2.694007,15,tench,ImageNetSM
-6.6672993,-1.4805387,0.18748504,16,tench,ImageNetSC
-11.309485,-1.8830779,3.9044266,16,tench,ImageNetSC
-21.567186,0.6260638,6.034408,16,tench,ImageNetSC
-17.874416,-1.9078343,1.1425501,16,tench,ImageNetSC
-8.247204,-2.241555,3.4453578,16,tench,ImageNetSC
-10.135874,-1.2743994,5.362837,16,tench,ImageNetSC
-20.895382,-6.308165,1.3206187,16,tench,ImageNetSC
-23.232733,-2.061183,0.56771433,16,tench,ImageNetSC
-22.899437,-1.71099,2.3357525,16,tench,ImageNetSC
-21.033321,-2.0870767,-0.3013574,16,tench,ImageNetSC
-7.8283057,7.080062,0.85496783,16,tench,ImageNetSC
-18.833015,0.4402484,2.7430859,16,tench,ImageNetSC
-16.328068,-6.2308655,1.2497615,16,tench,ImageNetSC
-15.44193,-4.2917714,0.967328,16,tench,ImageNetSC
-23.324621,-1.4755231,1.6587268,16,tench,ImageNetSC
-7.277792,2.2047973,2.7617898,16,tench,ImageNetSC
-10.093212,-0.36718488,3.030135,16,tench,ImageNetSC
-9.869782,0.859727,2.1877906,16,tench,ImageNetSC
-19.069233,-3.6763263,0.24798448,16,tench,ImageNetSC
-17.898623,-1.1338054,3.9342508,16,tench,ImageNetSC
-14.299405,-3.1300123,5.1476984,16,tench,ImageNetSC
-9.815468,-0.30924082,1.1670136,16,tench,ImageNetSC
-9.778461,-1.8738813,3.5225644,16,tench,ImageNetSC
-14.556079,0.60515213,3.5622318,16,tench,ImageNetSC
-18.36604,-3.569937,0.8938147,16,tench,ImageNetSC
-22.93994,-2.812506,3.8801303,16,tench,ImageNetSC
-10.960124,3.071062,4.905093,16,tench,ImageNetSC
-9.177895,2.507807,0.2908823,16,tench,ImageNetSC
-12.354419,0.5899568,5.318603,16,tench,ImageNetSC
-17.451424,2.2849174,4.0075464,16,tench,ImageNetSC
-9.084795,0.31497285,3.0406296,16,tench,ImageNetSC
-15.935993,-1.3344445,5.6401286,16,tench,ImageNetSC
-16.779016,-4.537516,-3.6386724,16,tench,ImageNetSC
-7.891888,-0.13521142,2.2999237,16,tench,ImageNetSC
-12.200219,2.5769713,4.036784,16,tench,ImageNetSC
-11.575679,-1.121479,1.2279581,16,tench,ImageNetSC
-10.604264,3.115951,0.1329527,16,tench,ImageNetSC
-11.067868,-0.76883453,4.2235227,16,tench,ImageNetSC
-9.074126,2.7425787,3.6266978,16,tench,ImageNetSC
-19.390814,-3.1293077,5.10647,16,tench,ImageNetSC
-16.10891,-3.5004995,2.8508239,16,tench,ImageNetSC
-19.678638,-6.6379166,-0.2407627,16,tench,ImageNetSC
-21.179571,-1.1834646,5.272557,16,tench,ImageNetSC
-18.697098,-5.664798,-1.8823248,16,tench,ImageNetSC
-18.315042,-2.3485258,-0.71601623,16,tench,ImageNetSC
-16.789974,-2.2026107,0.8355546,16,tench,ImageNetSC
-8.057014,-1.0581034,4.0406194,16,tench,ImageNetSC
-17.592007,-5.509574,1.5877963,16,tench,ImageNetSC
-23.950499,-1.9611286,2.6059036,16,tench,ImageNetSC
-16.883785,-5.2352815,-1.1321126,16,tench,ImageNetSC
-1.3349166,6.310987,0.19397697,17,goldfish,ImageNetSC
-3.4027052,4.70304,-6.943328,17,goldfish,ImageNetSC
-4.498423,4.4229536,-5.634479,17,goldfish,ImageNetSC
-3.9816556,6.121714,-4.4076037,17,goldfish,ImageNetSC
-7.3770933,7.0197926,-6.187548,17,goldfish,ImageNetSC
-4.9491367,7.0511847,-6.3686547,17,goldfish,ImageNetSC
-5.451126,6.8407297,-3.869532,17,goldfish,ImageNetSC
-5.4150696,3.4854038,-5.716896,17,goldfish,ImageNetSC
-4.8044024,0.64427185,-5.7743793,17,goldfish,ImageNetSC
-2.3650563,1.736668,-4.9953423,17,goldfish,ImageNetSC
-4.741706,2.9236417,-4.119473,17,goldfish,ImageNetSC
-5.5482693,2.233685,-4.306043,17,goldfish,ImageNetSC
-6.80463,4.6594753,-6.029392,17,goldfish,ImageNetSC
-4.0529375,5.17632,-5.2759576,17,goldfish,ImageNetSC
-7.294683,6.1081743,-5.887049,17,goldfish,ImageNetSC
-5.0316744,5.2429857,-4.3638415,17,goldfish,ImageNetSC
-4.496206,5.0667577,-7.0362983,17,goldfish,ImageNetSC
-3.1233053,0.6164315,-5.6771445,17,goldfish,ImageNetSC
-7.1542835,7.38835,-5.9699054,17,goldfish,ImageNetSC
-3.7910478,2.4541035,-4.289639,17,goldfish,ImageNetSC
-3.5343587,2.2553115,-4.72355,17,goldfish,ImageNetSC
-3.7630513,5.688035,-5.670836,17,goldfish,ImageNetSC
-2.8239639,1.1291077,-4.8834195,17,goldfish,ImageNetSC
-4.98165,0.81715375,-5.578552,17,goldfish,ImageNetSC
-5.3394737,5.6990967,-6.1018295,17,goldfish,ImageNetSC
-3.6900842,6.1514015,-5.2323318,17,goldfish,ImageNetSC
-3.3301444,1.6567594,-5.323068,17,goldfish,ImageNetSC
-2.7555704,1.4351752,-5.1002383,17,goldfish,ImageNetSC
-5.303996,7.6779604,-4.0501575,17,goldfish,ImageNetSC
-3.7600415,5.9823055,-6.5182657,17,goldfish,ImageNetSC
-6.411158,5.908718,-7.2160907,17,goldfish,ImageNetSC
-5.3410635,7.0172577,-5.223007,17,goldfish,ImageNetSC
-5.4976006,4.0626383,-6.222533,17,goldfish,ImageNetSC
-5.64194,3.9030275,-5.986461,17,goldfish,ImageNetSC
-4.7295117,6.751358,-5.8896275,17,goldfish,ImageNetSC
-5.083104,5.3869324,-5.1070004,17,goldfish,ImageNetSC
-4.4494467,4.2538238,-2.5921626,17,goldfish,ImageNetSC
-0.90911657,3.9605396,-5.481617,17,goldfish,ImageNetSC
-6.4636245,7.6266136,-7.0053325,17,goldfish,ImageNetSC
-3.22374,0.8201778,-5.133151,17,goldfish,ImageNetSC
-4.650891,3.5063872,-4.172927,17,goldfish,ImageNetSC
-3.8550255,-1.7538255,-5.1755056,17,goldfish,ImageNetSC
-5.9679747,5.478345,-4.3159766,17,goldfish,ImageNetSC
-4.7200665,5.744842,-2.4511223,17,goldfish,ImageNetSC
-5.741932,6.4243937,-5.4388356,17,goldfish,ImageNetSC
-4.8341827,5.8507957,-4.9541903,17,goldfish,ImageNetSC
-1.9119494,3.072766,-4.81883,17,goldfish,ImageNetSC
-5.447853,6.102071,-6.679257,17,goldfish,ImageNetSC
-5.58304,6.576781,-3.5921867,17,goldfish,ImageNetSC
-4.549615,4.1258593,-7.0897393,17,goldfish,ImageNetSC
-18.352419,-5.3258777,1.1453774,18,tench,ImageNetV2
-15.050696,-2.526106,0.67261606,18,tench,ImageNetV2
-10.730011,-1.3627961,6.623736,18,tench,ImageNetV2
-18.902893,-1.3301566,3.7470028,18,tench,ImageNetV2
-8.066433,1.2781388,2.2059524,18,tench,ImageNetV2
-8.283519,-1.9032402,2.592566,18,tench,ImageNetV2
-18.190336,-4.8456483,1.5137569,18,tench,ImageNetV2
-8.568552,-1.4430594,3.3937054,18,tench,ImageNetV2
-1.6347232,17.192139,3.951255,18,tench,ImageNetV2
-7.299188,-0.7810142,3.4222112,18,tench,ImageNetV2
-4.0159535,4.8718505,-5.397516,19,goldfish,ImageNetV2
-3.8087687,5.6268716,-3.73739,19,goldfish,ImageNetV2
0.2924294,8.305591,-7.5040245,19,goldfish,ImageNetV2
-4.3773184,6.1663136,-2.8464444,19,goldfish,ImageNetV2
-6.273688,5.752792,-6.277743,19,goldfish,ImageNetV2
-6.125227,6.003312,-3.088007,19,goldfish,ImageNetV2
-5.0859823,6.7078433,-2.7064688,19,goldfish,ImageNetV2
-4.1315846,2.5673552,-6.2667527,19,goldfish,ImageNetV2
-3.0939262,3.115817,-5.4987183,19,goldfish,ImageNetV2
-6.685102,6.5088654,-4.053494,19,goldfish,ImageNetV2
